{"('0', '2', '0000')": [1.9999999999999996, -2.220446049250313e-16, 1.9999999999999996, -2.220446049250313e-16], "('0', '2', '0001')": [1.9999999999999996, -2.220446049250313e-16, 1.9999999999999996, -0.999271], "('0', '2', '0010')": [1.9999999999999996, -2.2204460492503126e-16, -0.9975700000000001, -2.220446049250313e-16], "('0', '2', '0011')": [1.6079999999994061, 0, 0, 0], "('0', '2', '0100')": [1.9999999999999996, -1.0, 1.9999999999999996, -2.220446049250313e-16], "('0', '2', '0101')": [1.9999999999999996, -0.973, 1.957807199288677, 0], "('0', '2', '0110')": [1.9999999999999996, 0, 0, 0], "('0', '2', '0111')": [1.0899999999986212, 0, 0, 0], "('0', '2', '1000')": [-0.973, -0.0002412487256669372, 1.9999999999999996, -2.220446049250313e-16], "('0', '2', '1001')": [-0.7, -2.220951085263323e-16, 1.9999998013560523, 0], "('0', '2', '1010')": [-1.0, -1.40595, -1.0, -1.0629114125], "('0', '2', '1011')": [-0.9999940950999999, -1.4899721165110713, -0.999980317, -0.999980317], "('0', '2', '1100')": [-0.7, -0.7, 1.9999999999983047, 0], "('0', '2', '1101')": [-0.7, -0.7, 1.9999999999999996, 0], "('0', '2', '1110')": [-0.9999999999999978, -0.9999999999999978, -0.9999999999999925, -1.2149908623993488], "('0', '2', '1111')": [-0.973, -0.9099999999999999, -0.9099999999999999, -0.9099999999999999], "('0', '3', '0000')": [1.9999999999999996, -2.220446049250313e-16, -2.220446049250313e-16, 1.9999999999999996], "('0', '3', '0001')": [1.9999999999999996, -2.220446049250313e-16, -2.220446049250313e-16, -0.973], "('0', '3', '0010')": [1.9999999999999996, -2.220446049250313e-16, -0.9999999999895397, 1.9999999999999996], "('0', '3', '0011')": [1.9999999999987215, -0.973, 0, 0], "('0', '3', '0100')": [1.9953945853140804, -1.0, -2.220446049250313e-16, 1.9999999999999996], "('0', '3', '0101')": [1.9999999999999996, 0, 0, 0], "('0', '3', '0110')": [1.9999999999999996, -0.9099999999999999, -0.9099999999999999, 0], "('0', '3', '0111')": [1.999999999999745, 0, 0, 0], "('0', '3', '1000')": [-0.7, -2.578597920949071e-16, -2.220446049250313e-16, 1.9999999999999996], "('0', '3', '1001')": [-1.0, -1.495464444387196, -1.155, -1.0], "('0', '3', '1010')": [-0.7, -0.9099999999999999, -0.7, 1.9999999999999996], "('0', '3', '1011')": [-0.9999999956953279, -1.40595, -0.999999985651093, -0.999999985651093], "('0', '3', '1100')": [-0.7, -0.7, -2.1604940059205546e-16, 1.9999999999999996], "('0', '3', '1101')": [-0.9999999996125795, -0.9999999987085983, -1.1550018854377126, -0.9999999987085983], "('0', '3', '1110')": [-0.7, -0.7, -0.7, 1.9999999999999996], "('0', '3', '1111')": [-0.999271, -0.9975700000000001, -0.9975700000000001, -0.9975700000000001], "('0', 'NA', '0000')": [1.9999999999999996, -2.220446049252727e-16, -2.220446049250313e-16, -2.220446049250313e-16], "('0', 'NA', '0001')": [1.9999999999999996, 0, 0, -0.9099999999999999], "('0', 'NA', '0010')": [1.9999999999999996, -0.08747172092824922, -0.9099999999999999, -2.220446049250313e-16], "('0', 'NA', '0011')": [1.9999999999949836, 0, 0, 0], "('0', 'NA', '0100')": [1.9999999999999996, -0.999999468559, -2.220446049250313e-16, -2.220446049250313e-16], "('0', 'NA', '0101')": [1.9999999999873646, 0, 0, 0], "('0', 'NA', '0110')": [1.9999999999999996, 0, 0, 0], "('0', 'NA', '0111')": [1.9999999999999996, 0, 0, 0], "('0', 'NA', '1000')": [-0.7, -0.9999999956953441, -6.84562428965308e-15, -1.2912092965198578], "('0', 'NA', '1001')": [-0.9999999999999746, -1.2371753358536324, -1.1926249344875526, -0.9999999999999746], "('0', 'NA', '1010')": [-0.7, -0.999271, -0.7, -2.3102630919424882e-12], "('0', 'NA', '1011')": [-0.9099999999999999, -0.9978260676677065, -0.9099999999999999, -0.7], "('0', 'NA', '1100')": [-1.0, -1.0, -1.2915, -1.415715], "('0', 'NA', '1101')": [-0.7, -0.7, -2.4213751419583902e-09, -0.7], "('0', 'NA', '1110')": [-0.973, -0.973, -0.973, -1.4654200075625571e-15], "('0', 'NA', '1111')": [-0.7, -0.7, 0, 0], "('1', '2', '0000')": [-2.220446049250313e-16, 1.9999999999999996, 1.9999999999999996, -2.220446049250313e-16], "('1', '2', '0001')": [-2.220446049250313e-16, 1.9999999999999996, 1.9108199998023978, -0.999980317], "('1', '2', '0010')": [-2.220446049250313e-16, 1.9999999999999996, 0, -2.220446049250313e-16], "('1', '2', '0011')": [-8.135833023198489e-10, 1.999999999999945, 0, 0], "('1', '2', '0100')": [-0.9997813, -0.9099999999999999, 1.9999999999999996, -2.220446049250313e-16], "('1', '2', '0101')": [0, 0, 1.9999999999999996, 0], "('1', '2', '0110')": [-1.1550000000000586, -1.0, -1.0, -1.0000000000001383], "('1', '2', '0111')": [-1.2915000000000094, -1.0, -1.0, -1.0], "('1', '2', '1000')": [-1.0, 1.9999999999999996, 1.9999999999999996, -2.220446049250313e-16], "('1', '2', '1001')": [-0.9099999999999999, 1.9999999999999996, 0, 0], "('1', '2', '1010')": [-0.7, 1.9999999999999996, -0.7, 0], "('1', '2', '1011')": [-0.7, 1.9999999999999996, 0, 0], "('1', '2', '1100')": [-0.7, -0.7, 1.9999999999999996, 0], "('1', '2', '1101')": [-0.7, -0.7, 1.9999999999999996, 0], "('1', '2', '1110')": [-0.9997813, -0.9997813, -0.9997813, -1.2112700195730113], "('1', '2', '1111')": [-0.9975700000000001, -0.9975700000000001, -0.9975700000000001, -0.9975700000000001], "('1', '3', '0000')": [-2.220446049250313e-16, 1.9999999999999996, -2.220446049250313e-16, 1.9999999999999996], "('1', '3', '0001')": [-2.220446049250313e-16, 1.9999999999999996, -2.220446049305476e-16, -0.973], "('1', '3', '0010')": [-2.220446049250313e-16, 1.9999999999999996, -0.9999940950999999, 1.9999999999999996], "('1', '3', '0011')": [-0.9099999999999999, 1.9999999999999996, 0, 0], "('1', '3', '0100')": [-0.00021865217031022223, -0.7, -0.9099999999999999, 1.9999999999999996], "('1', '3', '0101')": [-1.0060381499369675, -1.0, -1.1568321906251617, -1.0], "('1', '3', '0110')": [-0.11539773708163471, -0.7, -0.7, 1.9999999999999996], "('1', '3', '0111')": [-1.47792488391226, -0.999980317, -0.99993439, -0.99993439], "('1', '3', '1000')": [-1.0, 1.9999995326188933, -2.2204460640863496e-16, 1.9999999999999996], "('1', '3', '1001')": [-0.7, 1.9999999999999984, 0, 0], "('1', '3', '1010')": [-0.7, 1.8956553190692493, 0, 1.9999999999999996], "('1', '3', '1011')": [-0.7, 1.999999999978146, 0, 0], "('1', '3', '1100')": [-0.7, -0.7, -2.220446049250313e-16, 1.9999999999999996], "('1', '3', '1101')": [-0.9999999998837739, -0.9999999996125795, -1.155, -0.9999999996125795], "('1', '3', '1110')": [-0.7, -0.7, -0.7, 1.999999999832284], "('1', '3', '1111')": [-0.973, -0.973, -0.9099999999999999, -0.9099999999999999], "('1', 'NA', '0000')": [-2.220446049250313e-16, 1.9999999999999996, -2.220446049250313e-16, -2.220446301188865e-16], "('1', 'NA', '0001')": [-0.99999995217031, 1.9999999999999996, -8.011346754687343e-11, -0.9099999999999999], "('1', 'NA', '0010')": [-4.304389892508134e-09, 1.9999999999999996, -0.973, 0], "('1', 'NA', '0011')": [-0.973, 1.9999765857045748, 0, -0.7], "('1', 'NA', '0100')": [-0.9999999999999153, -0.7, -3.7332470448348054e-11, -0.458150000055907], "('1', 'NA', '0101')": [-1.023583350344499, -1.0, -1.2917959692548338, -1.0], "('1', 'NA', '0110')": [-0.9100000000000183, -0.7, -0.7, -1.3520295993885158e-12], "('1', 'NA', '0111')": [-0.9100000000798658, -0.9099999999999999, -0.9099999999999999, -0.9099999999999999], "('1', 'NA', '1000')": [-0.99993439, 1.9999999999999996, -2.220446049250313e-16, -2.220446049250313e-16], "('1', 'NA', '1001')": [-0.7, 1.9999886968784129, 0, 0], "('1', 'NA', '1010')": [-0.7, 1.9999999999999996, 0, 0], "('1', 'NA', '1011')": [-0.7, 1.999999999999793, 0, 0], "('1', 'NA', '1100')": [-0.973, -0.973, -1.218, -4.996058533479619e-15], "('1', 'NA', '1101')": [-0.7, -0.7, -1.8163858431614753e-09, -0.7], "('1', 'NA', '1110')": [-0.7, -0.7, -0.7, -0.5117951125358038], "('1', 'NA', '1111')": [-0.9099999999999999, -0.9099999999999999, -0.7, -0.7], "('NA', '2', '0000')": [-2.220446049250313e-16, -2.220446049250313e-16, 1.9999999999999996, -2.220446049250313e-16], "('NA', '2', '0001')": [-2.220446049250313e-16, -2.220446049250313e-16, 1.9999999999999996, -1.0],